"URI","Label","Definition","Notation","Status","AcceptedDate"
"http://dd.eionet.europa.eu/vocabulary/eurostat/product/0000","All products","","0000","valid","2011-05-06"
"http://dd.eionet.europa.eu/vocabulary/eurostat/product/2000","Solid fuels","","2000","valid","2011-05-06"
"http://dd.eionet.europa.eu/vocabulary/eurostat/product/2100","Hard coal and derivatives","","2100","valid","2011-05-06"
"http://dd.eionet.europa.eu/vocabulary/eurostat/product/2110","Hard Coal & Patent Fuels","","2110","valid","2011-05-06"
"http://dd.eionet.europa.eu/vocabulary/eurostat/product/2111","Hard coal","","2111","valid","2011-05-06"
"http://dd.eionet.europa.eu/vocabulary/eurostat/product/2112","Patent Fuels","","2112","valid","2011-05-06"
"http://dd.eionet.europa.eu/vocabulary/eurostat/product/2115","Anthracite","","2115","valid","2011-05-06"
"http://dd.eionet.europa.eu/vocabulary/eurostat/product/2116","Coking Coal","","2116","valid","2011-05-06"
"http://dd.eionet.europa.eu/vocabulary/eurostat/product/2117","Other Bituminous Coal","","2117","valid","2011-05-06"
"http://dd.eionet.europa.eu/vocabulary/eurostat/product/2118","Sub-bituminous Coal","","2118","valid","2011-05-06"
"http://dd.eionet.europa.eu/vocabulary/eurostat/product/2120","Coke","","2120","valid","2011-05-06"
"http://dd.eionet.europa.eu/vocabulary/eurostat/product/2121","Coke Oven Coke","","2121","valid","2011-05-06"
"http://dd.eionet.europa.eu/vocabulary/eurostat/product/2122","Gas Coke","","2122","valid","2011-05-06"
"http://dd.eionet.europa.eu/vocabulary/eurostat/product/2130","Coal Tar","","2130","valid","2011-05-06"
"http://dd.eionet.europa.eu/vocabulary/eurostat/product/2200","Lignite and Derivatives","","2200","valid","2011-05-06"
"http://dd.eionet.europa.eu/vocabulary/eurostat/product/2210","Lignite/Brown Coal","","2210","valid","2011-05-06"
"http://dd.eionet.europa.eu/vocabulary/eurostat/product/2211","Black Lignite","","2211","valid","2011-05-06"
"http://dd.eionet.europa.eu/vocabulary/eurostat/product/2212","Brown Coal (Lignite)","","2212","valid","2011-05-06"
"http://dd.eionet.europa.eu/vocabulary/eurostat/product/2220","Brown Coal Coke","","2220","valid","2011-05-06"
"http://dd.eionet.europa.eu/vocabulary/eurostat/product/2230","BKB (brown coal briquettes)","","2230","valid","2011-05-06"
"http://dd.eionet.europa.eu/vocabulary/eurostat/product/2310","Peat","","2310","valid","2011-05-06"
"http://dd.eionet.europa.eu/vocabulary/eurostat/product/3000","Total petroleum products","","3000","valid","2011-05-06"
"http://dd.eionet.europa.eu/vocabulary/eurostat/product/3100","Crude oil, feedstocks and other hydrocarbons","","3100","valid","2011-05-06"
"http://dd.eionet.europa.eu/vocabulary/eurostat/product/3105","Crude oil (without NGL)","","3105","valid","2011-05-06"
"http://dd.eionet.europa.eu/vocabulary/eurostat/product/3106","Natural gas liquids (NGL)","","3106","valid","2011-05-06"
"http://dd.eionet.europa.eu/vocabulary/eurostat/product/3110","Crude oil and NGL","","3110","valid","2011-05-06"
"http://dd.eionet.europa.eu/vocabulary/eurostat/product/3150","Refined oil products","","3150","valid","2011-05-06"
"http://dd.eionet.europa.eu/vocabulary/eurostat/product/3190","Feedstocks and other hydrocarbons","","3190","valid","2011-05-06"
"http://dd.eionet.europa.eu/vocabulary/eurostat/product/3191","Refinery feedstocks","","3191","valid","2011-05-06"
"http://dd.eionet.europa.eu/vocabulary/eurostat/product/3192","Additives/Oxygenates","","3192","valid","2011-05-06"
"http://dd.eionet.europa.eu/vocabulary/eurostat/product/3193","Other hydrocarbons","","3193","valid","2011-05-06"
"http://dd.eionet.europa.eu/vocabulary/eurostat/product/3200","All petroleum products","","3200","valid","2011-05-06"
"http://dd.eionet.europa.eu/vocabulary/eurostat/product/3205","LPG & Refinery Gas","","3205","valid","2011-05-06"
"http://dd.eionet.europa.eu/vocabulary/eurostat/product/3210","Refinery gas and ethane","","3210","valid","2011-05-06"
"http://dd.eionet.europa.eu/vocabulary/eurostat/product/3214","Refinery gas","","3214","valid","2011-05-06"
"http://dd.eionet.europa.eu/vocabulary/eurostat/product/3215","Ethane","","3215","valid","2011-05-06"
"http://dd.eionet.europa.eu/vocabulary/eurostat/product/3220","Liquified petroleum gas (LPG)","","3220","valid","2011-05-06"
"http://dd.eionet.europa.eu/vocabulary/eurostat/product/3225","LPG Fuel","","3225","valid","2011-05-06"
"http://dd.eionet.europa.eu/vocabulary/eurostat/product/3230","Motor spirit","","3230","valid","2011-05-06"
"http://dd.eionet.europa.eu/vocabulary/eurostat/product/3234","Gasoline (without bio components)","","3234","valid","2011-05-06"
"http://dd.eionet.europa.eu/vocabulary/eurostat/product/3235","Aviation gasoline","","3235","valid","2011-05-06"
"http://dd.eionet.europa.eu/vocabulary/eurostat/product/3236","Car Spirit","","3236","valid","2011-05-06"
"http://dd.eionet.europa.eu/vocabulary/eurostat/product/3237","Premium leaded gasoline","","3237","valid","2011-05-06"
"http://dd.eionet.europa.eu/vocabulary/eurostat/product/3238","Premium unleaded gasoline, 95 Ron","","3238","valid","2011-05-06"
"http://dd.eionet.europa.eu/vocabulary/eurostat/product/3240","Kerosenes - Jet Fuels","","3240","valid","2011-05-06"
"http://dd.eionet.europa.eu/vocabulary/eurostat/product/3244","Other kerosene","","3244","valid","2011-05-06"
"http://dd.eionet.europa.eu/vocabulary/eurostat/product/3246","Gasoline type jet fuel","","3246","valid","2011-05-06"
"http://dd.eionet.europa.eu/vocabulary/eurostat/product/3247","Kerosene type jet fuel (without bio components)","","3247","valid","2011-05-06"
"http://dd.eionet.europa.eu/vocabulary/eurostat/product/3250","Naphtha","","3250","valid","2011-05-06"
"http://dd.eionet.europa.eu/vocabulary/eurostat/product/3260","Gas/diesel oil (without bio components)","","3260","valid","2011-05-06"
"http://dd.eionet.europa.eu/vocabulary/eurostat/product/3265","Transport Diesel","","3265","valid","2011-05-06"
"http://dd.eionet.europa.eu/vocabulary/eurostat/product/3266","Heating and other gas oil (blended with bio components)","","3266","valid","2011-05-06"
"http://dd.eionet.europa.eu/vocabulary/eurostat/product/3270","Residual Fuel Oil","","3270","valid","2011-05-06"
"http://dd.eionet.europa.eu/vocabulary/eurostat/product/3270A","Total fuel oil","","3270A","valid","2011-05-06"
"http://dd.eionet.europa.eu/vocabulary/eurostat/product/3271","Fuel oil-low sulphur (<1%)","","3271","valid","2011-05-06"
"http://dd.eionet.europa.eu/vocabulary/eurostat/product/3272","Fuel oil-high sulphur (>=1%)","","3272","valid","2011-05-06"
"http://dd.eionet.europa.eu/vocabulary/eurostat/product/3280","Other petroleum products","","3280","valid","2011-05-06"
"http://dd.eionet.europa.eu/vocabulary/eurostat/product/3281","White Spirit and SBP","","3281","valid","2011-05-06"
"http://dd.eionet.europa.eu/vocabulary/eurostat/product/3282","Lubricants","","3282","valid","2011-05-06"
"http://dd.eionet.europa.eu/vocabulary/eurostat/product/3283","Bitumen","","3283","valid","2011-05-06"
"http://dd.eionet.europa.eu/vocabulary/eurostat/product/3285","Petroleum coke","","3285","valid","2011-05-06"
"http://dd.eionet.europa.eu/vocabulary/eurostat/product/3286","Paraffin Waxes","","3286","valid","2011-05-06"
"http://dd.eionet.europa.eu/vocabulary/eurostat/product/3290","Other products","","3290","valid","2011-05-06"
"http://dd.eionet.europa.eu/vocabulary/eurostat/product/3295","Other Oil Products","","3295","valid","2011-05-06"
"http://dd.eionet.europa.eu/vocabulary/eurostat/product/4000","Gas","","4000","valid","2011-05-06"
"http://dd.eionet.europa.eu/vocabulary/eurostat/product/4100","Natural gas","","4100","valid","2011-05-06"
"http://dd.eionet.europa.eu/vocabulary/eurostat/product/4200","Derived gases","","4200","valid","2011-05-06"
"http://dd.eionet.europa.eu/vocabulary/eurostat/product/4210","Coke Oven Gas","","4210","valid","2011-05-06"
"http://dd.eionet.europa.eu/vocabulary/eurostat/product/4220","Blast Furnace Gas","","4220","valid","2011-05-06"
"http://dd.eionet.europa.eu/vocabulary/eurostat/product/4230","Gas Works Gas","","4230","valid","2011-05-06"
"http://dd.eionet.europa.eu/vocabulary/eurostat/product/4240","Other recovered gases","","4240","valid","2011-05-06"
"http://dd.eionet.europa.eu/vocabulary/eurostat/product/5100","Nuclear heat","","5100","valid","2011-05-06"
"http://dd.eionet.europa.eu/vocabulary/eurostat/product/5200","Derived heat","","5200","valid","2011-05-06"
"http://dd.eionet.europa.eu/vocabulary/eurostat/product/5500","Renewable energies","","5500","valid","2011-05-06"
"http://dd.eionet.europa.eu/vocabulary/eurostat/product/5510","Hydro power","","5510","valid","2011-05-06"
"http://dd.eionet.europa.eu/vocabulary/eurostat/product/5520","Wind power","","5520","valid","2011-05-06"
"http://dd.eionet.europa.eu/vocabulary/eurostat/product/5530","Solar energy","","5530","valid","2011-05-06"
"http://dd.eionet.europa.eu/vocabulary/eurostat/product/5532","Solar thermal","","5532","valid","2011-05-06"
"http://dd.eionet.europa.eu/vocabulary/eurostat/product/5534","Solar photovoltaic","","5534","valid","2011-05-06"
"http://dd.eionet.europa.eu/vocabulary/eurostat/product/5535","Tide, Wave and Ocean","","5535","valid","2011-05-06"
"http://dd.eionet.europa.eu/vocabulary/eurostat/product/5540","Biomass and renewable wastes","","5540","valid","2011-05-06"
"http://dd.eionet.europa.eu/vocabulary/eurostat/product/5541","Solid biofuels (excluding charcoal)","","5541","valid","2011-05-06"
"http://dd.eionet.europa.eu/vocabulary/eurostat/product/55411","Fuelwood, wood residues and by-products","","55411","valid","2011-05-06"
"http://dd.eionet.europa.eu/vocabulary/eurostat/product/55412","Wood pellets","","55412","valid","2011-05-06"
"http://dd.eionet.europa.eu/vocabulary/eurostat/product/55413","Bagasse","","55413","valid","2011-05-06"
"http://dd.eionet.europa.eu/vocabulary/eurostat/product/55414","Black liquor","","55414","valid","2011-05-06"
"http://dd.eionet.europa.eu/vocabulary/eurostat/product/55415","Other vegetal materials and residues","","55415","valid","2011-05-06"
"http://dd.eionet.europa.eu/vocabulary/eurostat/product/5542","Biogas","","5542","valid","2011-05-06"
"http://dd.eionet.europa.eu/vocabulary/eurostat/product/55421","Landfill Gas","","55421","valid","2011-05-06"
"http://dd.eionet.europa.eu/vocabulary/eurostat/product/55422","Sewage Sludge Gas","","55422","valid","2011-05-06"
"http://dd.eionet.europa.eu/vocabulary/eurostat/product/55423","Other biogases from anaerobic fermentation","","55423","valid","2011-05-06"
"http://dd.eionet.europa.eu/vocabulary/eurostat/product/5543","Municipal waste","","5543","valid","2011-05-06"
"http://dd.eionet.europa.eu/vocabulary/eurostat/product/55431","Municipal waste (renewable)","","55431","valid","2011-05-06"
"http://dd.eionet.europa.eu/vocabulary/eurostat/product/55432","Municipal waste (non-renewable)","","55432","valid","2011-05-06"
"http://dd.eionet.europa.eu/vocabulary/eurostat/product/5544","Charcoal","","5544","valid","2011-05-06"
"http://dd.eionet.europa.eu/vocabulary/eurostat/product/5545","Liquid biofuels","","5545","valid","2011-05-06"
"http://dd.eionet.europa.eu/vocabulary/eurostat/product/5546","Biogasoline","","5546","valid","2011-05-06"
"http://dd.eionet.europa.eu/vocabulary/eurostat/product/5546R","Biogasoline (capacity)","","5546R","valid","2011-05-06"
"http://dd.eionet.europa.eu/vocabulary/eurostat/product/5547","Biodiesels","","5547","valid","2011-05-06"
"http://dd.eionet.europa.eu/vocabulary/eurostat/product/5547R","Biodiesels (capacity)","","5547R","valid","2011-05-06"
"http://dd.eionet.europa.eu/vocabulary/eurostat/product/5548","Other liquid biofuels","","5548","valid","2011-05-06"
"http://dd.eionet.europa.eu/vocabulary/eurostat/product/5550","Geothermal Energy","","5550","valid","2011-05-06"
"http://dd.eionet.europa.eu/vocabulary/eurostat/product/6000","Electrical energy","","6000","valid","2011-05-06"
"http://dd.eionet.europa.eu/vocabulary/eurostat/product/7100","Industrial wastes","","7100","valid","2011-05-06"
"http://dd.eionet.europa.eu/vocabulary/eurostat/product/9000","Infrastructure","","9000","valid","2011-05-06"
"http://dd.eionet.europa.eu/vocabulary/eurostat/product/9004","Solar panel area","","9004","valid","2011-05-06"
"http://dd.eionet.europa.eu/vocabulary/eurostat/product/9007","Electrical capacity","","9007","valid","2011-05-06"
"http://dd.eionet.europa.eu/vocabulary/eurostat/product/9999","Other products","","9999","valid","2011-05-06"
"http://dd.eionet.europa.eu/vocabulary/eurostat/product/010000","CEREALS (including seeds)","","010000","valid","2011-05-06"
"http://dd.eionet.europa.eu/vocabulary/eurostat/product/011000","Wheat and spelt","","011000","valid","2011-05-06"
"http://dd.eionet.europa.eu/vocabulary/eurostat/product/011100","Soft wheat and spelt","","011100","valid","2011-05-06"
"http://dd.eionet.europa.eu/vocabulary/eurostat/product/011200","Durum wheat","","011200","valid","2011-05-06"
"http://dd.eionet.europa.eu/vocabulary/eurostat/product/012000","Rye and meslin","","012000","valid","2011-05-06"
"http://dd.eionet.europa.eu/vocabulary/eurostat/product/013000","Barley","","013000","valid","2011-05-06"
"http://dd.eionet.europa.eu/vocabulary/eurostat/product/013100","Feed barley","","013100","valid","2011-05-06"
"http://dd.eionet.europa.eu/vocabulary/eurostat/product/013200","Malting barley","","013200","valid","2011-05-06"
"http://dd.eionet.europa.eu/vocabulary/eurostat/product/014000","Oats and summer cereal mixtures","","014000","valid","2011-05-06"
"http://dd.eionet.europa.eu/vocabulary/eurostat/product/015000","Grain maize","","015000","valid","2011-05-06"
"http://dd.eionet.europa.eu/vocabulary/eurostat/product/016000","Rice","","016000","valid","2011-05-06"
"http://dd.eionet.europa.eu/vocabulary/eurostat/product/019000","Other cereals","","019000","valid","2011-05-06"
"http://dd.eionet.europa.eu/vocabulary/eurostat/product/020000","INDUSTRIAL CROPS","","020000","valid","2011-05-06"
"http://dd.eionet.europa.eu/vocabulary/eurostat/product/021000","Oil seeds and oleaginous fruits (including seeds)","","021000","valid","2011-05-06"
"http://dd.eionet.europa.eu/vocabulary/eurostat/product/021100","Rape and turnip rape seed","","021100","valid","2011-05-06"
"http://dd.eionet.europa.eu/vocabulary/eurostat/product/021200","Sunflower","","021200","valid","2011-05-06"
"http://dd.eionet.europa.eu/vocabulary/eurostat/product/021300","Soya","","021300","valid","2011-05-06"
"http://dd.eionet.europa.eu/vocabulary/eurostat/product/021900","Other oleaginous products","","021900","valid","2011-05-06"
"http://dd.eionet.europa.eu/vocabulary/eurostat/product/022000","Protein crops (including seeds)","","022000","valid","2011-05-06"
"http://dd.eionet.europa.eu/vocabulary/eurostat/product/023000","Raw tobacco","","023000","valid","2011-05-06"
"http://dd.eionet.europa.eu/vocabulary/eurostat/product/024000","Sugar beet","","024000","valid","2011-05-06"
"http://dd.eionet.europa.eu/vocabulary/eurostat/product/029000","Other industrial crops","","029000","valid","2011-05-06"
"http://dd.eionet.europa.eu/vocabulary/eurostat/product/029100","Fibre plants","","029100","valid","2011-05-06"
"http://dd.eionet.europa.eu/vocabulary/eurostat/product/029200","Hops","","029200","valid","2011-05-06"
"http://dd.eionet.europa.eu/vocabulary/eurostat/product/029900","Other industrial crops: others","","029900","valid","2011-05-06"
"http://dd.eionet.europa.eu/vocabulary/eurostat/product/030000","FORAGE PLANTS","","030000","valid","2011-05-06"
"http://dd.eionet.europa.eu/vocabulary/eurostat/product/031000","Fodder maize","","031000","valid","2011-05-06"
"http://dd.eionet.europa.eu/vocabulary/eurostat/product/032000","Fodder root crops (including forage beet)","","032000","valid","2011-05-06"
"http://dd.eionet.europa.eu/vocabulary/eurostat/product/039000","Other forage plants","","039000","valid","2011-05-06"
"http://dd.eionet.europa.eu/vocabulary/eurostat/product/039100","Hay","","039100","valid","2011-05-06"
"http://dd.eionet.europa.eu/vocabulary/eurostat/product/039200","Straw","","039200","valid","2011-05-06"
"http://dd.eionet.europa.eu/vocabulary/eurostat/product/039300","Silage","","039300","valid","2011-05-06"
"http://dd.eionet.europa.eu/vocabulary/eurostat/product/039900","Other forage plants: others","","039900","valid","2011-05-06"
"http://dd.eionet.europa.eu/vocabulary/eurostat/product/040000","VEGETABLES AND HORTICULTURAL PRODUCTS","","040000","valid","2011-05-06"
"http://dd.eionet.europa.eu/vocabulary/eurostat/product/041000","Fresh vegetables","","041000","valid","2011-05-06"
"http://dd.eionet.europa.eu/vocabulary/eurostat/product/041100","Cauliflower","","041100","valid","2011-05-06"
"http://dd.eionet.europa.eu/vocabulary/eurostat/product/041200","Tomatoes","","041200","valid","2011-05-06"
"http://dd.eionet.europa.eu/vocabulary/eurostat/product/041900","Other fresh vegetables","","041900","valid","2011-05-06"
"http://dd.eionet.europa.eu/vocabulary/eurostat/product/041910","Cabbage","","041910","valid","2011-05-06"
"http://dd.eionet.europa.eu/vocabulary/eurostat/product/041920","Lettuce","","041920","valid","2011-05-06"
"http://dd.eionet.europa.eu/vocabulary/eurostat/product/041930","Spinach","","041930","valid","2011-05-06"
"http://dd.eionet.europa.eu/vocabulary/eurostat/product/041940","Cucumbers","","041940","valid","2011-05-06"
"http://dd.eionet.europa.eu/vocabulary/eurostat/product/041950","Carrots","","041950","valid","2011-05-06"
"http://dd.eionet.europa.eu/vocabulary/eurostat/product/041960","Onions","","041960","valid","2011-05-06"
"http://dd.eionet.europa.eu/vocabulary/eurostat/product/041970","Green beans","","041970","valid","2011-05-06"
"http://dd.eionet.europa.eu/vocabulary/eurostat/product/041980","Pulses","","041980","valid","2011-05-06"
"http://dd.eionet.europa.eu/vocabulary/eurostat/product/041990","Peas","","041990","valid","2011-05-06"
"http://dd.eionet.europa.eu/vocabulary/eurostat/product/041999","Other fresh vegetables: other","","041999","valid","2011-05-06"
"http://dd.eionet.europa.eu/vocabulary/eurostat/product/042000","Plants and flowers","","042000","valid","2011-05-06"
"http://dd.eionet.europa.eu/vocabulary/eurostat/product/050000","POTATOES (including seeds)","","050000","valid","2011-05-06"
"http://dd.eionet.europa.eu/vocabulary/eurostat/product/051000","Potatoes for consumption","","051000","valid","2011-05-06"
"http://dd.eionet.europa.eu/vocabulary/eurostat/product/051100","Early potatoes","","051100","valid","2011-05-06"
"http://dd.eionet.europa.eu/vocabulary/eurostat/product/051200","Main crop potatoes","","051200","valid","2011-05-06"
"http://dd.eionet.europa.eu/vocabulary/eurostat/product/052000","Seed potatoes","","052000","valid","2011-05-06"
"http://dd.eionet.europa.eu/vocabulary/eurostat/product/059000","Other potatoes","","059000","valid","2011-05-06"
"http://dd.eionet.europa.eu/vocabulary/eurostat/product/060000","FRUITS","","060000","valid","2011-05-06"
"http://dd.eionet.europa.eu/vocabulary/eurostat/product/061000","Fresh fruit (excluding citrus fruit and grapes)","","061000","valid","2011-05-06"
"http://dd.eionet.europa.eu/vocabulary/eurostat/product/061100","Dessert apples","","061100","valid","2011-05-06"
"http://dd.eionet.europa.eu/vocabulary/eurostat/product/061200","Dessert pears","","061200","valid","2011-05-06"
"http://dd.eionet.europa.eu/vocabulary/eurostat/product/061300","Peaches","","061300","valid","2011-05-06"
"http://dd.eionet.europa.eu/vocabulary/eurostat/product/061900","Other fresh fruit, nuts and dried fruit","","061900","valid","2011-05-06"
"http://dd.eionet.europa.eu/vocabulary/eurostat/product/061910","Cherries","","061910","valid","2011-05-06"
"http://dd.eionet.europa.eu/vocabulary/eurostat/product/061920","Plums","","061920","valid","2011-05-06"
"http://dd.eionet.europa.eu/vocabulary/eurostat/product/061930","Strawberries","","061930","valid","2011-05-06"
"http://dd.eionet.europa.eu/vocabulary/eurostat/product/061940","Nuts and dried fruit","","061940","valid","2011-05-06"
"http://dd.eionet.europa.eu/vocabulary/eurostat/product/061941","Nuts","","061941","valid","2011-05-06"
"http://dd.eionet.europa.eu/vocabulary/eurostat/product/061942","Dried fruit","","061942","valid","2011-05-06"
"http://dd.eionet.europa.eu/vocabulary/eurostat/product/061990","Other fresh fruit: other","","061990","valid","2011-05-06"
"http://dd.eionet.europa.eu/vocabulary/eurostat/product/062000","Citrus fruit","","062000","valid","2011-05-06"
"http://dd.eionet.europa.eu/vocabulary/eurostat/product/062100","Sweet oranges","","062100","valid","2011-05-06"
"http://dd.eionet.europa.eu/vocabulary/eurostat/product/062200","Mandarins","","062200","valid","2011-05-06"
"http://dd.eionet.europa.eu/vocabulary/eurostat/product/062300","Lemons","","062300","valid","2011-05-06"
"http://dd.eionet.europa.eu/vocabulary/eurostat/product/062900","Other citrus fruits","","062900","valid","2011-05-06"
"http://dd.eionet.europa.eu/vocabulary/eurostat/product/063000","Tropical fruit","","063000","valid","2011-05-06"
"http://dd.eionet.europa.eu/vocabulary/eurostat/product/064000","Grapes","","064000","valid","2011-05-06"
"http://dd.eionet.europa.eu/vocabulary/eurostat/product/064100","Dessert grapes","","064100","valid","2011-05-06"
"http://dd.eionet.europa.eu/vocabulary/eurostat/product/064900","Other grapes, fresh","","064900","valid","2011-05-06"
"http://dd.eionet.europa.eu/vocabulary/eurostat/product/065000","Olives","","065000","valid","2011-05-06"
"http://dd.eionet.europa.eu/vocabulary/eurostat/product/065100","Table olives","","065100","valid","2011-05-06"
"http://dd.eionet.europa.eu/vocabulary/eurostat/product/065900","Other olives","","065900","valid","2011-05-06"
"http://dd.eionet.europa.eu/vocabulary/eurostat/product/070000","WINE","","070000","valid","2011-05-06"
"http://dd.eionet.europa.eu/vocabulary/eurostat/product/071000","Table wine","","071000","valid","2011-05-06"
"http://dd.eionet.europa.eu/vocabulary/eurostat/product/071100","Vin de pays or Vinho regional or Vino de la tierra","","071100","valid","2011-05-06"
"http://dd.eionet.europa.eu/vocabulary/eurostat/product/071900","Other table wine","","071900","valid","2011-05-06"
"http://dd.eionet.europa.eu/vocabulary/eurostat/product/072000","Quality wine","","072000","valid","2011-05-06"
"http://dd.eionet.europa.eu/vocabulary/eurostat/product/079000","Other wine","","079000","valid","2011-05-06"
"http://dd.eionet.europa.eu/vocabulary/eurostat/product/080000","OLIVE OIL","","080000","valid","2011-05-06"
"http://dd.eionet.europa.eu/vocabulary/eurostat/product/090000","OTHER CROP PRODUCTS","","090000","valid","2011-05-06"
"http://dd.eionet.europa.eu/vocabulary/eurostat/product/091000","Vegetable materials used primarily for plaiting","","091000","valid","2011-05-06"
"http://dd.eionet.europa.eu/vocabulary/eurostat/product/092000","Seeds","","092000","valid","2011-05-06"
"http://dd.eionet.europa.eu/vocabulary/eurostat/product/099000","Other crop products: others","","099000","valid","2011-05-06"
"http://dd.eionet.europa.eu/vocabulary/eurostat/product/100000","CROP OUTPUT (010000 to 090000), including fruits (060000) and vegetables (040000)","","100000","valid","2011-05-06"
"http://dd.eionet.europa.eu/vocabulary/eurostat/product/101000","CROP OUTPUT (010000 to 090000), excluding fruits (060000) and vegetables (040000)","","101000","valid","2011-05-06"
"http://dd.eionet.europa.eu/vocabulary/eurostat/product/110000","ANIMALS","","110000","valid","2011-05-06"
"http://dd.eionet.europa.eu/vocabulary/eurostat/product/111000","Cattle","","111000","valid","2011-05-06"
"http://dd.eionet.europa.eu/vocabulary/eurostat/product/111100","Cattle excluding calves","","111100","valid","2011-05-06"
"http://dd.eionet.europa.eu/vocabulary/eurostat/product/111200","Calves","","111200","valid","2011-05-06"
"http://dd.eionet.europa.eu/vocabulary/eurostat/product/112000","Pigs","","112000","valid","2011-05-06"
"http://dd.eionet.europa.eu/vocabulary/eurostat/product/113000","Equines","","113000","valid","2011-05-06"
"http://dd.eionet.europa.eu/vocabulary/eurostat/product/114000","Sheep and goats","","114000","valid","2011-05-06"
"http://dd.eionet.europa.eu/vocabulary/eurostat/product/115000","Poultry","","115000","valid","2011-05-06"
"http://dd.eionet.europa.eu/vocabulary/eurostat/product/115100","Chickens","","115100","valid","2011-05-06"
"http://dd.eionet.europa.eu/vocabulary/eurostat/product/115900","Other poultry","","115900","valid","2011-05-06"
"http://dd.eionet.europa.eu/vocabulary/eurostat/product/119000","Other animals","","119000","valid","2011-05-06"
"http://dd.eionet.europa.eu/vocabulary/eurostat/product/120000","ANIMAL PRODUCTS","","120000","valid","2011-05-06"
"http://dd.eionet.europa.eu/vocabulary/eurostat/product/121000","Milk","","121000","valid","2011-05-06"
"http://dd.eionet.europa.eu/vocabulary/eurostat/product/121100","Cows' milk","","121100","valid","2011-05-06"
"http://dd.eionet.europa.eu/vocabulary/eurostat/product/121900","Other milk types","","121900","valid","2011-05-06"
"http://dd.eionet.europa.eu/vocabulary/eurostat/product/122000","Eggs","","122000","valid","2011-05-06"
"http://dd.eionet.europa.eu/vocabulary/eurostat/product/129000","Other animal products","","129000","valid","2011-05-06"
"http://dd.eionet.europa.eu/vocabulary/eurostat/product/130000","ANIMAL OUTPUT (110000+120000)","","130000","valid","2011-05-06"
"http://dd.eionet.europa.eu/vocabulary/eurostat/product/140000","AGRICULTURAL GOODS OUTPUT (100000+130000), including fruits (060000) and vegetables (040000)","","140000","valid","2011-05-06"
"http://dd.eionet.europa.eu/vocabulary/eurostat/product/141000","AGRICULTURAL GOODS OUTPUT (101000+130000), excluding fruits (060000) and vegetables (040000)","","141000","valid","2011-05-06"
"http://dd.eionet.europa.eu/vocabulary/eurostat/product/200000","Goods and services currently consumed in agriculture (Input 1)","","200000","valid","2011-05-06"
"http://dd.eionet.europa.eu/vocabulary/eurostat/product/201000","SEEDS AND PLANTING STOCK","","201000","valid","2011-05-06"
"http://dd.eionet.europa.eu/vocabulary/eurostat/product/202000","ENERGY, LUBRICANTS","","202000","valid","2011-05-06"
"http://dd.eionet.europa.eu/vocabulary/eurostat/product/202100","Electricity","","202100","valid","2011-05-06"
"http://dd.eionet.europa.eu/vocabulary/eurostat/product/202200","Fuels for heating","","202200","valid","2011-05-06"
"http://dd.eionet.europa.eu/vocabulary/eurostat/product/202300","Motor fuels","","202300","valid","2011-05-06"
"http://dd.eionet.europa.eu/vocabulary/eurostat/product/202400","Lubricants","","202400","valid","2011-05-06"
"http://dd.eionet.europa.eu/vocabulary/eurostat/product/203000","FERTILISERS AND SOIL IMPROVERS","","203000","valid","2011-05-06"
"http://dd.eionet.europa.eu/vocabulary/eurostat/product/203100","Straight fertilizers","","203100","valid","2011-05-06"
"http://dd.eionet.europa.eu/vocabulary/eurostat/product/203110","Nitrogenous fertilizers","","203110","valid","2011-05-06"
"http://dd.eionet.europa.eu/vocabulary/eurostat/product/203120","Phosphatic fertilizers","","203120","valid","2011-05-06"
"http://dd.eionet.europa.eu/vocabulary/eurostat/product/203130","Potassic fertilizers","","203130","valid","2011-05-06"
"http://dd.eionet.europa.eu/vocabulary/eurostat/product/203200","Compound fertilizers","","203200","valid","2011-05-06"
"http://dd.eionet.europa.eu/vocabulary/eurostat/product/203210","NP fertilizers","","203210","valid","2011-05-06"
"http://dd.eionet.europa.eu/vocabulary/eurostat/product/203220","PK fertilizers","","203220","valid","2011-05-06"
"http://dd.eionet.europa.eu/vocabulary/eurostat/product/203230","NPK fertilizers","","203230","valid","2011-05-06"
"http://dd.eionet.europa.eu/vocabulary/eurostat/product/203900","Other fertilizers, soil improvers","","203900","valid","2011-05-06"
"http://dd.eionet.europa.eu/vocabulary/eurostat/product/204000","PLANT PROTECTION PRODUCTS AND PESTICIDES","","204000","valid","2011-05-06"
"http://dd.eionet.europa.eu/vocabulary/eurostat/product/204100","Fungicides","","204100","valid","2011-05-06"
"http://dd.eionet.europa.eu/vocabulary/eurostat/product/204200","Insecticides","","204200","valid","2011-05-06"
"http://dd.eionet.europa.eu/vocabulary/eurostat/product/204300","Herbicides","","204300","valid","2011-05-06"
"http://dd.eionet.europa.eu/vocabulary/eurostat/product/204900","Other plant protection products","","204900","valid","2011-05-06"
"http://dd.eionet.europa.eu/vocabulary/eurostat/product/205000","VETERINARY EXPENSES","","205000","valid","2011-05-06"
"http://dd.eionet.europa.eu/vocabulary/eurostat/product/206000","ANIMAL FEEDINGSTUFFS","","206000","valid","2011-05-06"
"http://dd.eionet.europa.eu/vocabulary/eurostat/product/206100","Straight feeding stuffs","","206100","valid","2011-05-06"
"http://dd.eionet.europa.eu/vocabulary/eurostat/product/206110","Cereals and milling by-products","","206110","valid","2011-05-06"
"http://dd.eionet.europa.eu/vocabulary/eurostat/product/206120","Oilcakes","","206120","valid","2011-05-06"
"http://dd.eionet.europa.eu/vocabulary/eurostat/product/206130","Products of animal origin","","206130","valid","2011-05-06"
"http://dd.eionet.europa.eu/vocabulary/eurostat/product/206190","Other straight feeding stuffs","","206190","valid","2011-05-06"
"http://dd.eionet.europa.eu/vocabulary/eurostat/product/206200","Compound feeding stuffs","","206200","valid","2011-05-06"
"http://dd.eionet.europa.eu/vocabulary/eurostat/product/206210","Compound feeding stuffs for calves","","206210","valid","2011-05-06"
"http://dd.eionet.europa.eu/vocabulary/eurostat/product/206220","Compound feeding stuffs for cattle excluding calves","","206220","valid","2011-05-06"
"http://dd.eionet.europa.eu/vocabulary/eurostat/product/206230","Compound feeding stuffs for pigs","","206230","valid","2011-05-06"
"http://dd.eionet.europa.eu/vocabulary/eurostat/product/206240","Compound feeding stuffs for poultry","","206240","valid","2011-05-06"
"http://dd.eionet.europa.eu/vocabulary/eurostat/product/206290","Other compound feeding stuffs","","206290","valid","2011-05-06"
"http://dd.eionet.europa.eu/vocabulary/eurostat/product/207000","MAINTENANCE OF MATERIALS","","207000","valid","2011-05-06"
"http://dd.eionet.europa.eu/vocabulary/eurostat/product/208000","MAINTENANCE OF BUILDINGS","","208000","valid","2011-05-06"
"http://dd.eionet.europa.eu/vocabulary/eurostat/product/209000","OTHER GOODS AND SERVICES","","209000","valid","2011-05-06"
"http://dd.eionet.europa.eu/vocabulary/eurostat/product/210000","Goods and services contributing to agricultural investment (Input 2)","","210000","valid","2011-05-06"
"http://dd.eionet.europa.eu/vocabulary/eurostat/product/211000","MATERIALS","","211000","valid","2011-05-06"
"http://dd.eionet.europa.eu/vocabulary/eurostat/product/211100","MACHINERY AND OTHER EQUIPMENT","","211100","valid","2011-05-06"
"http://dd.eionet.europa.eu/vocabulary/eurostat/product/211110","Rotovators and other 2 wheel equipment","","211110","valid","2011-05-06"
"http://dd.eionet.europa.eu/vocabulary/eurostat/product/211120","Machinery and plant for cultivation","","211120","valid","2011-05-06"
"http://dd.eionet.europa.eu/vocabulary/eurostat/product/211130","Machinery and plant for harvesting","","211130","valid","2011-05-06"
"http://dd.eionet.europa.eu/vocabulary/eurostat/product/211140","Farm machinery and installations","","211140","valid","2011-05-06"
"http://dd.eionet.europa.eu/vocabulary/eurostat/product/211141","Farm machinery and installations for crop production","","211141","valid","2011-05-06"
"http://dd.eionet.europa.eu/vocabulary/eurostat/product/211142","Farm machinery and installations for animal production","","211142","valid","2011-05-06"
"http://dd.eionet.europa.eu/vocabulary/eurostat/product/211149","Other farm machinery and installations","","211149","valid","2011-05-06"
"http://dd.eionet.europa.eu/vocabulary/eurostat/product/211200","TRANSPORT EQUIPMENT","","211200","valid","2011-05-06"
"http://dd.eionet.europa.eu/vocabulary/eurostat/product/211210","Tractors","","211210","valid","2011-05-06"
"http://dd.eionet.europa.eu/vocabulary/eurostat/product/211290","Other vehicles","","211290","valid","2011-05-06"
"http://dd.eionet.europa.eu/vocabulary/eurostat/product/212000","BUILDINGS","","212000","valid","2011-05-06"
"http://dd.eionet.europa.eu/vocabulary/eurostat/product/212100","FARM BUILDINGS (NON-RESIDENTIAL)","","212100","valid","2011-05-06"
"http://dd.eionet.europa.eu/vocabulary/eurostat/product/212900","OTHER WORKS EXCEPT LAND IMPROVEMENTS (OTHER BUILDINGS, STRUCTURES, ETC.)","","212900","valid","2011-05-06"
"http://dd.eionet.europa.eu/vocabulary/eurostat/product/219000","OTHER","","219000","valid","2011-05-06"
"http://dd.eionet.europa.eu/vocabulary/eurostat/product/220000","Input total (Input 1 + Input 2)","","220000","valid","2011-05-06"
"http://dd.eionet.europa.eu/vocabulary/eurostat/product/3000A","Total crude oil and petroleum products (blended with bio components)","","3000A","valid","2013-10-25"
"http://dd.eionet.europa.eu/vocabulary/eurostat/product/3100A","Crude oil, NGLs, feedstocks, additives/oxygenates and other hydrocarbons (blended with bio components)","","3100A","valid","2013-10-25"
"http://dd.eionet.europa.eu/vocabulary/eurostat/product/3192A","Additives/oxygenates (blended with bio components)","","3192A","valid","2013-10-25"
"http://dd.eionet.europa.eu/vocabulary/eurostat/product/3196","Of which: biofuels (3192A)","","3196","valid","2013-10-25"
"http://dd.eionet.europa.eu/vocabulary/eurostat/product/3200A","Total products (blended with bio components)","","3200A","valid","2013-10-25"
"http://dd.eionet.europa.eu/vocabulary/eurostat/product/3234A","Total motor gasoline (blended with bio components)","","3234A","valid","2013-10-25"
"http://dd.eionet.europa.eu/vocabulary/eurostat/product/3247A","Total kerosene type jet fuel (blended with bio components)","","3247A","valid","2013-10-25"
"http://dd.eionet.europa.eu/vocabulary/eurostat/product/3260A","Total gas/diesel oil (blended with bio components)","","3260A","valid","2013-10-25"
"http://dd.eionet.europa.eu/vocabulary/eurostat/product/3265A","Road diesel (blended with bio components)","","3265A","valid","2013-10-25"
"http://dd.eionet.europa.eu/vocabulary/eurostat/product/5546O","Biogasoline","","5546O","valid","2013-10-25"
"http://dd.eionet.europa.eu/vocabulary/eurostat/product/5547O","Biodiesels","","5547O","valid","2013-10-25"
"http://dd.eionet.europa.eu/vocabulary/eurostat/product/5549O","Bio jet kerosene","","5549O","valid","2013-10-25"
"http://dd.eionet.europa.eu/vocabulary/eurostat/product/2330","Peat products","","2330","valid","2014-01-22"
"http://dd.eionet.europa.eu/vocabulary/eurostat/product/2410","Oil shale and oil sands","","2410","valid","2014-01-22"
"http://dd.eionet.europa.eu/vocabulary/eurostat/product/55416","Animal waste","","55416","valid","2014-01-22"
"http://dd.eionet.europa.eu/vocabulary/eurostat/product/55425","Biogases from thermal processes","","55425","valid","2014-01-22"
"http://dd.eionet.europa.eu/vocabulary/eurostat/product/55461R","Bioethanol","","55461R","valid","2014-01-22"
"http://dd.eionet.europa.eu/vocabulary/eurostat/product/5549","Bio jet kerosene","","5549","valid","2014-01-22"
"http://dd.eionet.europa.eu/vocabulary/eurostat/product/5549R","Bio jet kerosene (capacity)","","5549R","valid","2014-01-22"
"http://dd.eionet.europa.eu/vocabulary/eurostat/product/7200","Waste (non-renewable)","","7200","valid","2014-01-22"
"http://dd.eionet.europa.eu/vocabulary/eurostat/product/4101","Of which: LNG","","4101","valid","2014-10-14"
"http://dd.eionet.europa.eu/vocabulary/eurostat/product/2500_S","Other solid fuels","","2500_S","valid","2016-04-15"
"http://dd.eionet.europa.eu/vocabulary/eurostat/product/3110_S","Other primary oil","","3110_S","valid","2016-04-15"
"http://dd.eionet.europa.eu/vocabulary/eurostat/product/3300_S","Other petroleum products","","3300_S","valid","2016-04-15"
"http://dd.eionet.europa.eu/vocabulary/eurostat/product/5560_S","Other renewable energies","","5560_S","valid","2016-04-15"